{
  "cpu_utilization": {
    "average_maximum": 8.940847794101057,
    "total_files_processed": 5,
    "unit": "Percent"
  },
  "memory_utilization": {
    "average_maximum": 13.782552083333332,
    "total_files_processed": 5,
    "unit": "Percent"
  },
  "network_rx_bytes": {
    "average_maximum": 12883.999999999998,
    "total_files_processed": 5,
    "unit": "Bytes"
  },
  "network_tx_bytes": {
    "average_maximum": 30106.86666666667,
    "total_files_processed": 5,
    "unit": "Bytes"
  }
}