{
  "data_sent_count": 9384993.6,
  "data_sent_rate": 25958.682583908754,
  "data_received_count": 12130267.4,
  "data_received_rate": 33552.12611910058,
  "request_duration_avg": 1304.6014428533313,
  "request_duration_min": 990.8771166,
  "request_duration_max": 2333.6783498,
  "request_duration_median": 1290.8928958000001,
  "request_duration_p90": 1463.8450399600001,
  "request_duration_p95": 1523.6131249599998,
  "request_duration_p99": 1675.5594294859998,
  "vus_max": 50.0,
  "throughput_requests_per_second": 17.726011045324093,
  "throughput_total_requests": 6408.6,
  "success_rate_rate": 1.0,
  "success_rate_passes": 12817.2,
  "success_rate_fails": 0.0
}