{
  "cpu_utilization": {
    "average_maximum": 9.693371629404524,
    "total_files_processed": 5,
    "unit": "Percent"
  },
  "memory_utilization": {
    "average_maximum": 13.951822916666666,
    "total_files_processed": 5,
    "unit": "Percent"
  },
  "network_rx_bytes": {
    "average_maximum": 30862.93333333333,
    "total_files_processed": 5,
    "unit": "Bytes"
  },
  "network_tx_bytes": {
    "average_maximum": 30284.466666666667,
    "total_files_processed": 5,
    "unit": "Bytes"
  }
}