{
  "cpu_utilization": {
    "average_maximum": 13.619646153737687,
    "total_files_processed": 5,
    "unit": "Percent"
  },
  "memory_utilization": {
    "average_maximum": 15.080729166666668,
    "total_files_processed": 5,
    "unit": "Percent"
  },
  "network_rx_bytes": {
    "average_maximum": 29894.626666666667,
    "total_files_processed": 5,
    "unit": "Bytes"
  },
  "network_tx_bytes": {
    "average_maximum": 30575.306666666664,
    "total_files_processed": 5,
    "unit": "Bytes"
  }
}